,metadata_name,metadata_activityType,metadata_climbCategory,metadata_verifiedStatus,measurements_distance,measurements_avgGrade,measurements_elevHigh,measurements_elevLow,elevationChart_url,totalAthletes,totalEfforts,athletePrEffort_timing_elapsedTime,athletePrEffort_activity_id,leaderboards_leaderboardEfforts_athlete_id,leaderboards_leaderboardEfforts_athlete_firstName,leaderboards_leaderboardEfforts_athlete_lastName,leaderboards_leaderboardEfforts_activity_id,leaderboards_leaderboardEfforts_timing_elapsedTime,athletePrEffort,distance_miles,cr_speed
0,South Shore Sprint (North),Ride,,,2083.39990234375,-0.009599690325558186,180.10000610351562,179.10000610351562,https://d3o5xota0a1fcr.cloudfront.net/v6/charts/QVC2C334J7AQAH2AXOB2B2NFIZPNVUMCXUNKDTD5OXJXQRHOV6MLZE3RZACFNWOOLMBWRUYABU======,7274,54490,225.0,11938636904,151980,Zachary,May,1783651723,162,,1.2945678988552762,28.76817553011725
1,South Chicago Ave NB from Commercial to 83rd,Ride,,,2749.5,0.11638499796390533,183.60000610351562,178.39999389648438,https://d3o5xota0a1fcr.cloudfront.net/v6/charts/ISHMAVJRXLWXMTFADNMA5OMUE4FVEZFK5OAAYDQ4CXJGL54ANZV4YSLFDLY4JGDFB23JRWCQAQ======,409,1881,,,32744327,Kody,Bäbler,3585142462,241,,1.7084643394186438,25.520629136544056
2,LSD Ewing to 87th ,Ride,,,871.7999877929688,0.0,194.60000610351562,191.8000030517578,https://d3o5xota0a1fcr.cloudfront.net/v6/charts/VX42JG3K6MEEACQOC2DPZMNE646K5KM4YWB22DPU3X3WVIQFFZREAN65VHWXVGZTSBWV6Y62,9315,69402,88.0,12171900275,51335169,ken,carl,12234058998,49,,0.5417127442261851,39.799303657434
3,Slip N’ Slide,Ride,,,550.5,0.39963701367378235,181.8000030517578,176.1999969482422,https://d3o5xota0a1fcr.cloudfront.net/v6/charts/ZV4MAGMIOQ5CQSCVSN32CR3Z6ZBEVJQTFHBYGURSCXN6HEG73CZWRA3NVGQPDXVEMQKGTZL3NQ======,7602,46939,64.0,11598474763,33408191,Humberto,Kaja,9017399084,35,,0.34206569152571864,35.1838996997882
4,DARC- Uninterrupted 566,Ride,,,1186.0,0.20236100256443024,175.1999969482422,172.39999389648438,https://d3o5xota0a1fcr.cloudfront.net/v6/charts/N25ABXQM6LZJOKW25EU27GVKA7UE4LI7KX6PLAZCXBF4FITRJTASHDCYCO5T4JRBI3BVWETQSQ======,9308,88508,129.0,12171900275,1486703,Andrew,Giniat,1725878232,65,,0.7369480656666708,40.81558517538484
5,Low Hanging Fruit - golf course sprint south,Ride,,,701.0800170898438,-0.05093370005488396,179.7030029296875,178.2030029296875,https://d3o5xota0a1fcr.cloudfront.net/v6/charts/RRTIBD2ELJBOV3LGOFB7LPQO3HGB2VY6MRZESLG7S7POOTSBVEHTOBQEZYDB3BQ3NPAO62MWKE======,16130,177872,81.0,12171900275,125731,TJ,Benko,3860577247,44,,0.4356320088296095,35.642618904240784
6,Jeffrey Blvd - Jackson Park to South Chicago Ave,Ride,,,3153.800048828125,-0.006341559812426567,170.1999969482422,168.0,https://d3o5xota0a1fcr.cloudfront.net/v6/charts/3OOQKZS2R2F2KMAF4QRZNZZ7RS35GMYE3OYTL4CWQNKZW4ZNAAEXVY3WQKF4CL5EZGSLGOLV,248,1081,,,63179,gerald,adasavage,2276846654,296,,1.9596853671866263,23.83401122254005
7,expressway to your skull,Ride,,,6801.2001953125,-0.014703299850225449,183.8000030517578,178.39999389648438,https://d3o5xota0a1fcr.cloudfront.net/v6/charts/XTQK6BH7ZBSEE44FMZ6MZZFR2FFY23XRHAZ6XEZM6LOLAWVODHEXYBMIKLFSBOPUE4AJCWI4OQ======,5,9,,,15049381,Andy,PilsenFox,2020090045,884,,4.226080377864529,17.210282081801246
8,wiggle wiggle squiggle wiggle,Ride,,,767.2000122070312,-0.20855100452899933,174.60000610351562,173.0,https://d3o5xota0a1fcr.cloudfront.net/v6/charts/NEYBCBGNZSHWU36K3CIVP2N23AL3BK3DK244M3VSL7KRVBCXGU7WAVDHJ7IGC2HH5KDUYFPX,80,153,,,14665638,Jason,McCullough,7806772700,69,,0.4767171711428482,24.872200233539903
9,MLK 63 to 67,Ride,,,750.4000244140625,-0.0266525000333786,183.1999969482422,182.39999389648438,https://d3o5xota0a1fcr.cloudfront.net/v6/charts/2YT2N363VH6YZWYTGCEBA5RVGL5A3Q2UA57UZXRZ7WGOPSOVLYHHCPAQLCJZ5UOVF35IPW2G,774,4558,,,4074944,Nicholas,Goossen,3414892972,70,,0.46627811675224784,23.980017432972744
10,Kanye West,Ride,,,3692.199951171875,0.0027084099128842354,182.1999969482422,177.89999389648438,https://d3o5xota0a1fcr.cloudfront.net/v6/charts/FACAY4HX6TYHNKHGQM2RV6QFDINDN6DP7UFC4FV6246ANQG5GOOUFWPX3F4XDXXXA6FP3BLX,14292,160965,431.0,12171900275,45068,Michael,Hemme,1003799045,283,,2.294232387917951,29.184581613090547
11,Washington Park South,Ride,,,1702.699951171875,-0.17619100213050842,186.60000610351562,183.1999969482422,https://d3o5xota0a1fcr.cloudfront.net/v6/charts/IV5XYLOT4T73MXVQHMIW63E77LDRK4UT7QTXFYQBFGSEXCQ6HMNAD5FG7INDKMUYFVNSKYKT2I======,693,3132,,,256166,stephen,merlo,4366049261,151,,1.0580113283531603,25.224111139545542
12,Sprint past Barry's house,Ride,,,1440.0999755859375,0.0,252.8000030517578,252.8000030517578,https://d3o5xota0a1fcr.cloudfront.net/v6/charts/IID2SOGKOHXSV7H3XKWINPCDZFEI4DBV6Z3F5B6TTEYU667PN6UIUONKZD33JRAQUMOP734HMU======,264,1172,,,40875376,Joe,Wilson,8936108255,116,,0.8948388628791539,27.770861261766846
13,Drexel Blvd NB,Ride,,,2129.300048828125,0.09392759948968887,206.60000610351562,204.1999969482422,https://d3o5xota0a1fcr.cloudfront.net/v6/charts/WKH42H5JAC6IXQW3I6LY76GDKO5C2NI2UJ3NQKWTRHQV5AWJZM3E3ELECRWUISIEYGXESOZY,658,5234,,,40875376,Joe,Wilson,8074108276,170,,1.3230889984888992,28.018355262117865
14,Ellis - 42nd to Hyde Park Blvd,Ride,,,1725.800048828125,-0.052149698138237,182.1999969482422,180.8000030517578,https://d3o5xota0a1fcr.cloudfront.net/v6/charts/KHGULJLVH42DOZ2UMV4MKHEASVYFJC4IINS6JCYHGR5C5OCO754VAWJN5JDX5MCZTHXJZEM7,92,275,,,8442261,Benjamin,Collins,609923239,177,,1.0723650992507021,21.81081557798038
15,Sprint to Prometory,Ride,,,785.5999755859375,0.0,127.19999694824219,127.19999694824219,https://d3o5xota0a1fcr.cloudfront.net/v6/charts/I5ESMMDALCPDW6LYMPAWIWRSRJBTECQR5TIBYOMDADGZRPQJ76SF5OUKDYNYXHNOBRDP6NOMZ4======,21316,372225,72.0,12082050571,57215647,Gar,Lauerman,9493995070,49,,0.4881504067418554,35.86411151572815
16,Harold Washington Park Overpass N,Ride,,,103.98400115966797,1.173259973526001,181.69900512695312,180.47900390625,https://d3o5xota0a1fcr.cloudfront.net/v6/charts/7CQK3VLSUA3LOHGKGNQBDEH6BEXA7GCWVYSG3NNLZDR3UHSTQUS2FV2XIGE64J2OR6UCOAIR,34393,381908,9.0,10885285057,69297129,Felix,Barnes,12284387687,2,,0.06461282336837956,116.30308206308321
17,Harold Washington Park Overpass S,Ride,,,139.9709930419922,0.49153000116348267,181.6820068359375,180.6060028076172,https://d3o5xota0a1fcr.cloudfront.net/v6/charts/TNJILUTN3ORHEIG2YO6CBYKCKGOT4EZYDGGJKM34C3LAK7FOONT6IABWBTMKTCSVOESKEAD2,33757,392150,14.0,11114923853,5504960,Andrew,Killion,1721203142,7,,0.08697415899809376,44.72956748473393
18,Elizabeth Bracket to 31st,Ride,,,1457.0999755859375,-0.061766501516103745,193.1999969482422,190.1999969482422,https://d3o5xota0a1fcr.cloudfront.net/v6/charts/U2GKZWPPK4H74GGCPXDBVE6R6IBPO3JYZZQPBR54TWDZELDRKYWPRXOABM3GSZJWEIXMG67ERY======,34673,374894,129.0,10885285057,40753365,John,Whipple,5330825144,103,,0.9054021994022007,31.645125415999246
19,47th st eastbound oakley to ashland,Ride,,,1320.5999755859375,0.02271690033376217,182.8000030517578,181.3000030517578,https://d3o5xota0a1fcr.cloudfront.net/v6/charts/2ULGFGVCRRWQDJC6JYZPHWQYFUCNDZEJBQMOG72CJKWD4TP5I7HB7M37G3ECKRS3MAQG3L6IUY======,180,683,,,23804472,Sam,LeVon,7040966491,117,,0.820584820849502,25.248763718446213
20,NB Western Blvd 51st -> Pershing,Ride,,,2200.800048828125,-0.1454019993543625,185.1999969482422,182.0,https://d3o5xota0a1fcr.cloudfront.net/v6/charts/XEGT5WVPIZPV7YKKYLJEOVNLXL2JGIT44TYOVFU6ASF27HLCM5IPGC5NUNVPO6L4BY72NQOV,184,329,,,126223342,Daniel,Heffernan,11847352531,191,,1.3675171491593605,25.775192340176428
21,Archer ave. Western to California,Ride,,,990.7999877929688,-0.05046429857611656,183.60000610351562,182.0,https://d3o5xota0a1fcr.cloudfront.net/v6/charts/DUWWVOZDTXGBYZFOGGA5MAL4ORR3HSKD6ZVREGJU6MQ6HRP4SOFSE5UO452WXBLEUYI7EEN7,743,9669,,,99700181,Cesar,Romero,7868209321,73,,0.6156560998875121,30.36112273417868
22,If It Was Good Enough For My Daddy,Ride,,,4278.0,0.7012619972229004,200.39999389648438,170.39999389648438,https://d3o5xota0a1fcr.cloudfront.net/v6/charts/HURLX4IV7CGZERJEYCW76FUVEKJOER3PYRW2ZW3ZFCZTONDLZML4TQKOG3J43QQZKLITYMOJ,21,48,,,122771245,Jared,Rogers,9921135915,438,,2.6582325673878735,21.848486855242797
23,Longwood SB from 99th to 103rd,Ride,,,737.2999877929688,-0.06781499832868576,194.60000610351562,194.10000610351562,https://d3o5xota0a1fcr.cloudfront.net/v6/charts/567N23KGZAPH23FJHIBEF347ACZZDUUJJMOER7HKSSYV52TSMRDD56WRRSRMXQZZEWFKQX3HFE======,375,3007,,,69336753,Walt,Flood - MTC3,9306642255,58,,0.45813811114678615,28.43615862290397
24,102nd sprint westbound Seeley to Oakley,Ride,,,459.8999938964844,0.6088280081748962,209.60000610351562,206.39999389648438,https://d3o5xota0a1fcr.cloudfront.net/v6/charts/UEXGP7JWSX6DZLIVQYQMMOYRGSS7HUFVHHOUOPNRBAPWCKOESNLO7ZZJOV2QMCGMTEI6W5EW,34,124,,,69336753,Walt,Flood - MTC3,12382386980,36,,0.28576931779268794,28.576931779268794
25,Longwood SB from 103rd to 107th,Ride,,,779.9000244140625,-0.1410440057516098,193.6999969482422,192.60000610351562,https://d3o5xota0a1fcr.cloudfront.net/v6/charts/AFEL43VNSUZCBQOI73VUCNNEIDMG2KY6L4ZMLVBRA4NDKV6DXQQBUMO2H2VJL6FTI4UWIGTM7Q======,273,3028,,,69336753,Walt,Flood - MTC3,7894947231,58,,0.48460861248341713,30.07915525759141
26,Bronzeville 35th/State to MLK,Ride,,,761.7000122070312,0.10502800345420837,182.1999969482422,180.6999969482422,https://d3o5xota0a1fcr.cloudfront.net/v6/charts/JCKSHJK3TTGVXBYKOAQSZJNIEOVKBOONXCIOVH2CRJMHYERNSRXFI7J3RNCXKXMOHBKDTZMBTA======,847,5000,,,26492622,Joseph,Giardina,7142767907,73,,0.47329962109127427,23.340803231898455
27,35th Bridge to King Drive,Ride,,,994.7999877929688,-0.2412550002336502,189.1999969482422,181.39999389648438,https://d3o5xota0a1fcr.cloudfront.net/v6/charts/XQAKEGTCH6PC6EECWPUW4EFTCA6Z44DYLVSBULTT7J23YC4JZ3IQJ24FPDGGSZ7M5LJTHDYO,1621,6404,,,63952587,Oscar,Martinez,9758694335,89,,0.6181415908341114,25.003480078683157
28,Lakefront Trail | 31st Street Beach to McCormick Place,Ride,,,1191.0,0.025188900530338287,181.8000030517578,180.39999389648438,https://d3o5xota0a1fcr.cloudfront.net/v6/charts/ZYHZVW6PINMAGFU7EWCFW7ATLCHH2K3UE6ZKBCMN4P7EI4J2SERXXW3WTOUEJNOETKF4FQSO,44598,466939,107.0,11995164877,1296045,Preston,Tyler,5034321258,81,,0.7400549293499199,32.89133019332978
29,Michigan (31st to 51st),Ride,,,3946.39990234375,0.03547539934515953,182.89999389648438,181.3000030517578,https://d3o5xota0a1fcr.cloudfront.net/v6/charts/QAEZAVPJI7B7HHWMRUSWIE6NF5DA6BJ2RN3FTJTIHKFKPMGFNKXTKSUF6X7MELIJNGBUQU24X4======,730,5412,,,256166,stephen,merlo,3923435541,364,,2.452185307233866,24.252382159455813
30,Loop/Bronzeville via State ,Ride,,,8135.8798828125,0.0022735800594091415,182.8159942626953,177.63299560546875,https://d3o5xota0a1fcr.cloudfront.net/v6/charts/GFIOKIGOQ6KSEEVQFTSV2U64TIZMSPJXNUJLAFTYRWBFMUAKDSF2UQVLAMW7EPN5HGMGQRGB,31,80,,,19899356,Aaron,Zheng,6377788577,896,,5.055413947837312,20.31193104041777
31,26th to 35th - MLK Speedway,Ride,,,1635.0999755859375,0.08562169969081879,183.1999969482422,181.0,https://d3o5xota0a1fcr.cloudfront.net/v6/charts/XSXX3GLS2RIB5HOEMOQNB27ZSHH6Y6OAFLD2SJ3V24UX3E6G2LYR2D7ESUADBSEIDM2EIRNUO4======,1482,9353,,,13997276,John,Biernat,6003212019,125,,1.0160065465258663,29.26098853994495
32,Amazon Riverwalk WB,Ride,,,679.4000244140625,-0.11775100231170654,171.1999969482422,169.39999389648438,https://d3o5xota0a1fcr.cloudfront.net/v6/charts/TAXSWGJHBZEZ4V23F2J542R2FSVBEYRR2XH6AXVT55RYX5TFD72X5VVSXLGHA545SLBB5PLH,43,236,,,90183586,Matthew,Scott,11929663121,73,,0.4221606524501116,20.818881490690433
33,Amazon Riverwalk EB,Ride,,,694.7999877929688,0.0,197.0,195.8000030517578,https://d3o5xota0a1fcr.cloudfront.net/v6/charts/K6PUB34TB3STN2JUIZQ2GFNPIO2OC53S364667S7GC7LYCW3GM2TI3WRSM6UM7QDIQW6VKNIEQ======,38,273,,,9933896,Sam,Díaz,11954823999,76,,0.43172976983916933,20.450357518697498
34,Cermak from ashland to damen,Ride,,,702.9000244140625,0.18494799733161926,181.39999389648438,180.10000610351562,https://d3o5xota0a1fcr.cloudfront.net/v6/charts/P6AV7SDZ7QNGY6AHQGJWCQQ55NA2AYDNZT2ILXW7I55W3PAMLLXWBDUU6THVBDXKOX537SM7,592,2296,,,877811,Jesus,Arellanes,798162385,58,,0.43676291176138204,27.10942210932716
35,18th St. Bridge - W to E,Ride,,,415.3999938964844,0.04814640060067177,180.0,175.5,https://d3o5xota0a1fcr.cloudfront.net/v6/charts/DFKAQWAA6M5HIES3FWRVX2TEUOWKDDF5TG6B2WG5EV32PVYJKOKTQDDYCL77R6RLSPET2LP2,3737,31242,54.0,12171900275,126223342,Daniel,Heffernan,11982648951,25,,0.2581182310117715,37.16902526569509
36,Roosevelt to Illinois Tech,Ride,,,3251.60009765625,0.030754100531339645,182.8000030517578,176.6999969482422,https://d3o5xota0a1fcr.cloudfront.net/v6/charts/R2XD6A5XORNPPIWPOMFFTW3O2QPRFYYFSKOKGF6ADDE5NQ2MVEXEZVEZGATMTPKSUTX7N75P,480,1003,,,2235702,Derek,Burge-Beckley,285658491,320,,2.020455651171443,22.730126075678736
37,FTP Test South,Ride,,,7790.7998046875,-0.08984959870576859,214.8000030517578,207.8000030517578,https://d3o5xota0a1fcr.cloudfront.net/v6/charts/R22TXE2FOK4YAXPNARUVUGBMXIWY52VNAPIYNS7H2MBVSA54ROZ7NW73XPYGUKI3BJQI7G5LGI======,14207,245305,755.0,12082050571,2077685,Toby,Joy,2305575201,568,,4.840990595329452,30.682334759130327
38,Roosevelt-Clintogden,Ride,,,3721.800048828125,-0.04567680135369301,182.39999389648438,178.8000030517578,https://d3o5xota0a1fcr.cloudfront.net/v6/charts/C54M2AQQYXQF7YTS46B57LJY7FODG2YXTVTPNS2O57AH7R4WPLAE77KULFLTDWDZOID6QPUR,873,4843,478.0,12113354481,36569763,Guillermo,Ibarra,9122583046,315,,2.3126250816037164,26.4300009326139
39,Midway Hustle'r,Ride,,,533.280029296875,-0.412541002035141,184.0,181.8000030517578,https://d3o5xota0a1fcr.cloudfront.net/v6/charts/TTYRV6WLU22VLVZ7NFZWTABN34CEHII7467TBDEZMENBCERKHMUHR5RIVA672DMT44JHGDKA5Y======,2357,26122,62.0,12113354481,389501,Peter,Howland,7460148,36,,0.33136567120488836,33.136567120488834
40,St. Agatha Vans Will Be Parked In The Bike Lane,Ride,,,1119.0,-0.07149239629507065,182.8000030517578,181.60000610351562,https://d3o5xota0a1fcr.cloudfront.net/v6/charts/6YFAWKZE553UMTJRW3DAHKE6XHTSX4H7WE4ZHOQLYET6R5XMZEUAR76T6FHNVLHRE3HO6IE5KU======,562,2506,,,100528314,Raoul,Duke,7300270803,105,,0.6953160923111338,23.839408879238874
41,jailbreak,Ride,,,397.20001220703125,0.10070499777793884,182.39999389648438,182.0,https://d3o5xota0a1fcr.cloudfront.net/v6/charts/NXLZQEFTHI3LZSPEIZCUREVDV5B2YN66OKGHQDVLEDLROZHDRXHJ6IMP5MVVIN6K73OEKO4FT4======,595,2678,,,2977156,Jeff,Whiteman,1112406076,26,,0.24680925858241967,34.17358964987349
42,Swooper 31st,Ride,,,1642.5,0.060882799327373505,186.0,175.5,https://d3o5xota0a1fcr.cloudfront.net/v6/charts/WWXXRDM45QIRNP463YSVOYH3HXGBLXGV33ZDJNRJZOZEIMZF4NWYQZPHD6QLESACKMN3NWTC,124,188,,,67364156,Danny,Ortiz,9420306928,97,,1.0206047199473076,37.878113317632035
43,Central Park - Douglas to Lake,Ride,,,2508.0,0.07177030295133591,187.1999969482422,184.0,https://d3o5xota0a1fcr.cloudfront.net/v6/charts/2QC5S5N2ADE2ZFYWJT4WHFHFM4ZFZUSYJGOECRPBNB3RUCSINXFHPEYKUDQKB5HPB3EYVDYJ,254,1346,,,4600157,rick,stephens,5232691246,243,,1.5584028235177154,23.087449237299488
44,cicero ave to the 606,Ride,,,10992.599609375,-0.0291105005890131,193.3000030517578,179.10000610351562,https://d3o5xota0a1fcr.cloudfront.net/v6/charts/IDCEKIWKW36NSGFZFQLRQLSF554Z4YEBJWIAP5DMV2CSAFHGR4OD7LD3QOJCOGAZZSQXXO33EI======,77,772,,,23618465,Veymer,Ramos,5550758826,1002,,6.830501702172941,24.540724678465658
45,Kostner northbound,Ride,,,2260.699951171875,0.030963899567723274,184.5,183.39999389648438,https://d3o5xota0a1fcr.cloudfront.net/v6/charts/6H65LORVPRJBS6PHYA42VL4IIX7BVYQJ7BJWBGAFSKL5AWPG7XTHR7ICTL274MPX7YYRY3J6,19,23,,,1076688,Steve,Hoffner,6087655805,263,,1.4047373154037526,19.228343480811823
46,OC Climb,Ride,,,865.7000122070312,0.5775669813156128,170.8000030517578,165.1999969482422,https://d3o5xota0a1fcr.cloudfront.net/v6/charts/F3BDTX7SKC5JJBMHENPVGLC4ZLW2BTDXJXIA5U3TV4WCZA7K25ZD66DGGQ4B6OAFEHZQPTJQ,1287,9298,,,47345897,ABRAHAM EMILIO,GARCIª,10782982937,53,,0.5379223857028541,36.53812431189198
47,The White Knuckler,Ride,,,694.5999755859375,-0.5758709907531738,169.1999969482422,163.60000610351562,https://d3o5xota0a1fcr.cloudfront.net/v6/charts/JMAPXVS5B42SA63OM5LXYC6G5GBWVH3GSOJ3B7ACTVR6FBOBZZKSQJATQTV3C6QSZBMJ4PJ4RI======,1932,20309,81.0,12113354481,47345897,ABRAHAM EMILIO,GARCIª,10710546208,39,,0.43160548770672297,39.84050655754366
48,Comin' Outta the Yard,Ride,,,815.0999755859375,-0.06134219840168953,184.89999389648438,184.39999389648438,https://d3o5xota0a1fcr.cloudfront.net/v6/charts/MSAJSMQD5LTNNXGGQTLN2V4RPVNP2KDQRQQUQ6D6NMYNUW27M3VGC54WILTBV5HY3DC6GR77FU======,977,13232,,,389501,Peter,Howland,622438136,48,,0.5064809024730247,37.98606768547685
49,Columbus Park up and around (East),Ride,,,1000.0999755859375,0.12998700141906738,189.5,186.0,https://d3o5xota0a1fcr.cloudfront.net/v6/charts/DQ35ROO3ZST5LW443HUUUYEZU4B24RKGJSTVO77NKRC7NA72WQNYMVW6LZEREDKXL2GANXTL,117,1735,,,706326,Michael,Hulburt,5204369827,84,,0.6214348587532389,26.63292251799595
50,Western Texas,Ride,,,8336.900390625,-0.05277739837765694,187.39999389648438,179.8000030517578,https://d3o5xota0a1fcr.cloudfront.net/v6/charts/OOUIAAFTZWJCU2EAAV4YLDJVKQRFRTJ6JXKUUWLROZCABODXHUMRAM2H2UT36NX4DENRL7PLD4======,998,8177,922.0,12113354481,1866361,Sabin,West,1053594049,641,,5.180322610899499,29.093855537033072
51,East Ave: Jackson to Roosevelt,Ride,,,1140.199951171875,-0.07016310095787048,195.0,192.8000030517578,https://d3o5xota0a1fcr.cloudfront.net/v6/charts/J43PKXVIXTX4JM42TLPGGI7PGU4J2CZG357GLCUMRHV5LI3IYBZBDZ5OA6R2MMIACOR2BQCS,976,29201,,,18181861,Spencer,Kirk,3356538526,91,,0.708489163987644,28.028142751159542
52,Friars Rock,Ride,,,514.2999877929688,-0.058331698179244995,189.3000030517578,188.8000030517578,https://d3o5xota0a1fcr.cloudfront.net/v6/charts/Q437R5KYT76Y36D6EFA3S7A5WRYVR7E4F6CKBPHDFYYJQ7OMH7XVEG42WL57ASXZNABYHYBS,1475,22911,,,66054160,Andrew,Ernest,11704391507,46,,0.3195719908738792,25.009981894477505
53,And so it begins,Ride,,,4410.0,0.06575959920883179,191.89999389648438,184.60000610351562,https://d3o5xota0a1fcr.cloudfront.net/v6/charts/JSWJLLUHD25K4Q6LRA4HD6FWOYY4EUC7TWMFJ23FG3S6VORLBZ7DA34B2T2ITTBU4MTQ7KZB,22,293,,,67376125,Miguel,Leal,12329410024,579,,2.740253768625648,17.037847266066205
54,"Randolph St west, Ridgeland to Desplaines",Ride,,,2259.199951171875,0.09295330196619034,191.0,188.6999969482422,https://d3o5xota0a1fcr.cloudfront.net/v6/charts/WRPE3PQHDHQKE4Y3HMJ6KV62CD72R7MHBE7NKWU2G62RQS2FDQSWNPPR4J6UUF3TUYMCZT3CTI======,152,262,,,66054160,Andrew,Ernest,11331327950,220,,1.4038052562987777,22.971358739434542
55,Lake Harvard Ridge,Ride,,,1916.0,-0.7828810214996338,198.0,181.0,https://d3o5xota0a1fcr.cloudfront.net/v6/charts/WIVCNSE3B6TDAXXPTFLDH5R4DJHZAOOEGL37IVJJRW6GMNUVELGYKGR45BLRWUXERAXR7YKGHQ======,339,3819,,,47345897,ABRAHAM EMILIO,GARCIª,10805156400,149,,1.1905501634210298,28.764970391380583
56,Ridgeland sprint,Ride,,,674.7000122070312,-0.14821399748325348,189.89999389648438,188.89999389648438,https://d3o5xota0a1fcr.cloudfront.net/v6/charts/QYFJYYBGDP6PIE2NURZUIBGJ7PARVEI5BZG72QU5ZDNC7BSTGIEW4TNLIEYEOT3CQYD4QO4XOY======,686,8860,88.0,12213225845,22697408,JR,Ritchie⚡,5002200389,49,,0.41924019300274107,30.8013203022422
57,Spin out 3,Ride,,,567.4000244140625,-0.08812130242586136,189.89999389648438,189.1999969482422,https://d3o5xota0a1fcr.cloudfront.net/v6/charts/4ZYFPAQSCXPBMNWDTFH7JUQLG343SXAXVJ2ZUM3ZGKXPQIEFX7OQSFQQL56NGPF3B7X7YHV7,25,94,,,4465157,Forest,Hynes,4152191033,50,,0.3525669059453332,25.38481722806399
58,Austin to Halsted,Ride,,,10841.0,-0.10238900035619736,188.5,177.39999389648438,https://d3o5xota0a1fcr.cloudfront.net/v6/charts/HGTZXNODRGH6KDAKS5NXW7UUNJFAYW32XWWUM5ENG2H5L5DSTOG4DKEJVQVHOU65JC5YSR3T6M======,250,3831,,,66054160,Andrew,Ernest,11769722402,1163,,6.736301838020555,20.85183715982287
59,OP - Home Stretch Sprint,Ride,,,627.864990234375,0.462242990732193,188.72799682617188,185.8249969482422,https://d3o5xota0a1fcr.cloudfront.net/v6/charts/GOS6OQFZZ3A7JIMVWIVRGAGK4VPR7FYGRIVEXDH3F2556XDKTC7T7VMP7R2M5I7QXFXKCC57,1424,15284,,,2967533,richard ,Gear,369870760,36,,0.3901381872285378,39.01381872285378
60,Long to Pine lil hill,Ride,,,337.3999938964844,0.8002369999885559,189.0,186.10000610351562,https://d3o5xota0a1fcr.cloudfront.net/v6/charts/LN7KQVEH2T5JQLYQQXHCSGYKEKSKJJIXF3POWJTWGMM2OV3XDJRIJ3PRLFGYVSXRFNSO6T6DVQ======,920,5830,,,17705750,Kipp,Wallace,1687637071,30,,0.2096511575530866,25.158138906370393
61,Division - Cicero to Kostner,Ride,,,686.7000122070312,-0.10193700343370438,185.5,184.60000610351562,https://d3o5xota0a1fcr.cloudfront.net/v6/charts/EPVF76VJGP4LCLBVRSWYO3VLLSNUDZQJ7GL5ED6PXPLTL6OKBIVUCCMXOK73C5XFEF22D3KB64======,375,4446,,,47722124,Andreas,Grunwaldt,9304400455,34,,0.42669666584253874,45.179646971562924
62,Lake stroll,Ride,,,3468.39990234375,-0.03171490132808685,197.1999969482422,185.0,https://d3o5xota0a1fcr.cloudfront.net/v6/charts/NHV22ANJG5Q6CWO55TZV5MTYUB6T7VTSLPO3SAKL5HN6WUJWRBFTI2YATRLWXFWPMUNVPO2I,256,2962,,,23618465,Veymer,Ramos,12245829912,350,,2.1551691391152588,22.167454002328377
63,Heading Home,Ride,,,2625.800048828125,-0.08378399908542633,193.0,187.6999969482422,https://d3o5xota0a1fcr.cloudfront.net/v6/charts/OHHI4NQCJDHVTJJAMRFS4TYR3QZTKHFZRAGAVPDK6PCDSTHN6HTAHFAYDIT3RPJV6U3PUDJO,314,2789,,,609702,Peter,Chrapkowski,3616372150,266,,1.6316005622355283,22.081812120480834
64,Pulaski to Cicero,Ride,,,1628.0999755859375,0.030710600316524506,184.8000030517578,183.89999389648438,https://d3o5xota0a1fcr.cloudfront.net/v6/charts/GUMF42QGRW5WH4EL4VAZTOVPYF3ZYWQALXTGQ64JNYH5OZCN6TJFXVT3MJ3VLSJZ3ZZZGVN44A======,658,11261,,,142511627,Malcolm,Brooks,12785100646,137,,1.0116569373693176,26.58368594547112
65,Bend the corner ,Ride,,,513.7999877929688,0.2724800109863281,185.60000610351562,183.5,https://d3o5xota0a1fcr.cloudfront.net/v6/charts/PCXGZPSEUWWP5ZILWEVZ7GNKSFQ25MCQQEFJKL36ASG5VKHIEOCDQZ6SDGJ6N5VH5NQHU3NMWY======,781,2249,,,362398,Drew,Priest-Grochowski,1000860375,45,,0.3192613045055543,25.540904360444344
66,West Chicago Ave. Speedlight Run,Ride,,,813.7999877929688,0.159743994474411,185.60000610351562,184.3000030517578,https://d3o5xota0a1fcr.cloudfront.net/v6/charts/TFGNRVLK72PXP5JX23L45WOGN3M3Z6NINCCWO4BQXA2UZEP4YKPPXULVLINUM5D7LDZMJQ5J,326,1308,,,2934544,Joel,Humowiecki,2429930108,64,,0.5056731255004964,28.444113309402923
67,Lake street ashland ave chicago to ashland ave oak park,Ride,,,12652.900390625,0.08219459652900696,194.0,181.6999969482422,https://d3o5xota0a1fcr.cloudfront.net/v6/charts/HQKB47ZHNED2JHNFMMDC4OMSV7HVS2TKUYZMIZLBR3A3HLZKLKF773ZSZF57RKUXS5KG35HHXI======,33,169,,,289251,Ben,Raby,2314079588,1465,,7.862167342280065,19.3200016602104
68,Sacramento (Grand - Diversey),Ride,,,3897.60009765625,-0.0461823008954525,183.89999389648438,180.60000610351562,https://d3o5xota0a1fcr.cloudfront.net/v6/charts/3K2K4D4TCAA2BCLKPIZ34FJKSI5I3V6YCQUSXUZX5TBAV7RPYMOPUU6RKWQWQA6YE3LCV325,122,234,,,1084231,Joe,DeAngelo,8094017902,372,,2.421862439047218,23.437378442392433
69,Humboldt Park to River West  (via Grand),Ride,,,4134.60009765625,-0.03386060148477554,180.1999969482422,177.39999389648438,https://d3o5xota0a1fcr.cloudfront.net/v6/charts/NLWJYQF7UQF4BVONMWSC3EW2G6ZKF65YHGKJ43OBT6QT2BGPVTKYF6YGNCU3HETH6XEXZQTL,359,1697,,,7232545,Right-turn,Right-turn,432178417,377,,2.5691277776332226,24.532785144508225
70,Grand Ave - Western Ave to North Ave,Ride,,,4516.5,0.055352598428726196,184.8000030517578,182.3000030517578,https://d3o5xota0a1fcr.cloudfront.net/v6/charts/7XJDAA3GT4WKZLUPWYIA5HAXBCXMYQSGZWJF4Q5OM2M222VCN6PCXUUZU4HCC7KX4BYAFMQHFE======,155,1079,,,14384122,Rod,Berthold,795639524,456,,2.8064299650788525,22.156026040096204
71,Chigusta,Ride,,,422.3999938964844,-0.07102269679307938,182.10000610351562,181.6999969482422,https://d3o5xota0a1fcr.cloudfront.net/v6/charts/HWUIE7XZDBKQDLIEJIGYOHHDO4BCGGMLBW427KKG54CFU4VDSB7IV6WT2TQ6IC34B3A4XALB,7085,68080,1073.0,12576601861,18096659,Reid,Savage,12925742039,13,,0.2624678401683202,72.6834018927656
72,Too Late To Add Any Miles,Ride,,,6350.5,-0.01889609917998314,182.1999969482422,177.0,https://d3o5xota0a1fcr.cloudfront.net/v6/charts/RBB2ZGSA7FTFKUN4TVG6G3DF2MUTUJABQMZEVVUXWKBXXOJQA2LZBGUN4Y7IIDPYH4L37QSSIE======,68,162,,,3609361,Brian,Bauer,1649681789,581,,3.946027564094598,24.450428968572382
73,Wicker Park to Division,Ride,,,413.79998779296875,0.24166299402713776,182.0,181.0,https://d3o5xota0a1fcr.cloudfront.net/v6/charts/RWDG5U6TUU7IIF7FD7RJV5WJAIGBYH3BX5XHDR2UYCR65RJ4G2OGUCCYNCZVOCRGECQRKYOTYU======,6412,79314,,,2668291,Erich,Kutschke,638355924,26,,0.2571240308405736,35.601788885617886
74,Rapha to Green St,Ride,,,2862.60009765625,0.027946600690484047,174.8000030517578,172.0,https://d3o5xota0a1fcr.cloudfront.net/v6/charts/RMW3KVBO52PIT4M2OJ2OYDJ3FJZA2MVZFQGCIGUXW7F4M2V3S2NZMXXGTTMCJYSXEEE43MIK,4711,90916,381.0,12594695496,3609361,Brian,Bauer,711399366,253,,1.7787416566146683,25.31015795973441
75,California/North to Dodge/Howard (Humboldt Park to Evanston),Ride,,,12649.2001953125,-0.007905639708042145,195.0,187.0,https://d3o5xota0a1fcr.cloudfront.net/v6/charts/2QLB7PWM7SYRXR2QWOIPAALD3Q5DLBCXVWPJJBWXJ5U4LL3BFD743H4T3COS3KM7TDZN7JKDWE======,33,318,,,498035,Edmund,White,1219190701,1458,,7.859868141792599,19.407081831586666
76,Damen606toDPRT,Ride,,,13261.400390625,0.08445560187101364,191.60000610351562,174.1999969482422,https://d3o5xota0a1fcr.cloudfront.net/v6/charts/BNN4JWDTQLTPJIUX6R42JGOX27YSXUJKVLBPYPBVMPWXCZ74HFW7IJBX3EHJI22BDMM3JWWQZM======,78,374,,,4600157,rick,stephens,9413917554,1476,,8.240272652531473,20.098225981784083
77,Fullerton - California to Halsted ,Ride,,,3934.5,-0.04574910178780556,155.39999389648438,151.1999969482422,https://d3o5xota0a1fcr.cloudfront.net/v6/charts/VHI7DYVFX7HLBRU2LTFPP3SL4VWZ6AUVG3KJA35LBQXCSNOPK5PWWBGNCJH2TNKHZPFX7SHN,519,1475,,,17741426,Lukas,Skučas ,7135559807,364,,2.444791032348665,24.1792519682835
78,606: Kimball to Ridgeway,Ride,,,675.5999755859375,0.0,181.0,180.0,https://d3o5xota0a1fcr.cloudfront.net/v6/charts/CAXFTWXWIYCED4BXARTVBDVCOKPYGW55GYKVAMEC6CLARPNZITE65QZQ4D5GT7F7RJJYKPTO,7843,88446,,,22857518,Martin,Coyle,7300015236,49,,0.41979940571037666,30.84240531749706
79,Lake - Halsted to California,Ride,,,3991.199951171875,0.05261579900979996,183.3000030517578,181.1999969482422,https://d3o5xota0a1fcr.cloudfront.net/v6/charts/WJYOK3LWSXFIAND3GNLWSBSWKLU6VZQ6YEOIWM3KFVPO7JYMLFMBW37BXH4HIC3VMOJJ5XZTVM======,256,861,,,14783811,Tim,Julius,8551881536,402,,2.4800228361762433,22.209159726951434
80,Swoop Across The Loop,Ride,,,1283.9000244140625,-0.428382009267807,182.6999969482422,176.3000030517578,https://d3o5xota0a1fcr.cloudfront.net/v6/charts/7D5YQX3RW4AQPS2HN7MFYKHSRTGNKGSA5HNH6LNGWSJ537FM3FMY55DUSYLX4ZGQTOYABDPAUQ======,1645,7580,,,15433763,Ham,Hollett,7815134792,94,,0.7977804717549197,30.553294662954375
81,New PlayPen Downhill (Northbound),Ride,,,1095.800048828125,-1.0038299560546875,196.8000030517578,183.60000610351562,https://d3o5xota0a1fcr.cloudfront.net/v6/charts/WILRMRBUS2DJHIKTGEYPCBUET2Z3T5P4RJCCVHMRXS56X6VX3J6AQ2D2UBPQWDZDTINCIHZ7GY======,47592,493592,92.0,12976274123,56505655,Scott,Peterson,6972825415,67,,0.6809002751613239,36.58568642657859
82,Volleyball Dash,Ride,,,2652.889892578125,0.12074600160121918,180.73699951171875,175.74000549316406,https://d3o5xota0a1fcr.cloudfront.net/v6/charts/TZGM4LJBRKYEJMD2BBTZ247HVK4UL2JHKHNNIUX2OVONSPOUJXDJ67O4W37SSLMDDK2T7TJ3,34060,478589,233.0,12031979049,6041123,Jeff,Perkins,12814556331,178,,1.6484334525818816,33.339103535363904
83,Flyover Climb Southbound,Ride,,,383.5,2.5032598972320557,184.1999969482422,174.39999389648438,https://d3o5xota0a1fcr.cloudfront.net/v6/charts/3JEMQTOAIKCBXQAXKAMAWFH3GCXEBVDUR7YU2DOU3L4HHFFBRXWQ37BM5W6LYG7A3A4HXEZMEQ======,31624,468186,35.0,11906455083,731858,Adam,Dalton,5998578055,26,,0.2382964445052009,32.99489231610474
84,Late for Class!!,Ride,,,12328.599609375,-0.02757819928228855,184.39999389648438,177.0,https://d3o5xota0a1fcr.cloudfront.net/v6/charts/P6RA6LF2C3HPMMSYD2AOGC2E25VDP2IBNVHHYADTJ7HG33YESFRB4SYYHZH4PAZW3TJ2DDZL,1,4,,,10605492,Eddie,Ocampo,1104192300,2086,,7.660655678337083,13.220690528290268
85,North Ave Sprint,Ride,,,382.4020080566406,-0.17160899937152863,180.9980010986328,180.30299377441406,https://d3o5xota0a1fcr.cloudfront.net/v6/charts/COBZB6CUPFXHTV6D3H6SRO4J7W2MFBYW4V6VJGUJ6M6H72LCDBII6DPUCT2OR6I5YP24SJTETU======,4180,20020,80.0,12649171410,32744327,Kody,Bäbler,3702991515,29,,0.23761418224653624,29.496932968535535
86,Volleyball Dash S,Ride,,,2132.300048828125,0.023448899388313293,180.10000610351562,176.39999389648438,https://d3o5xota0a1fcr.cloudfront.net/v6/charts/HWHMA5OL6QKSXIAJ2I7IDUWRWYVYLFDDTHGBAZTUVNMP2S2FKZ4PW7UBDLVBO4DEYZXSRKMFFE======,44890,619437,192.0,11906455083,12037236,Peter,Jennings,11369110514,150,,1.3249531166988486,31.798874800772364
87,Old Town Beach N,Ride,,,779.7210083007812,-0.04687489941716194,178.09300231933594,176.53700256347656,https://d3o5xota0a1fcr.cloudfront.net/v6/charts/CQHVOHNNW7LUEXME6D33XLA4RVULW5EO5ADL5VHRB6PVWJVVAOOGH5HFOXBHGOGKFBK67QNMNM======,50698,659457,72.0,12976274123,5504960,Andrew,Killion,3990967305,54,,0.48449737675120313,32.299825116746874
88,Top Speed (North),Ride,,,386.1000061035156,0.23309999704360962,177.10000610351562,176.1999969482422,https://d3o5xota0a1fcr.cloudfront.net/v6/charts/66TXM5LMK3O6GK3W3YWDVDPQNYWGCMMLQAPOQVJL6OKPDSHF2FBPUMKTLAN2ZHH3NV3VEZCW,41478,689535,36.0,12791239965,104689037,Larry,Ritsert,9725142182,20,,0.2399120174130486,43.18416313434875
89,N Magnolia Ave Climb,Ride,,,562.8049926757812,-0.12437800318002701,180.1999969482422,179.39999389648438,https://d3o5xota0a1fcr.cloudfront.net/v6/charts/VGS2YNPDH4LIRZGFH3TDBSMHPKWVWK74ZCCA2SMFWNUH536U7UOOKQAFCSB7DDW6TDYILZHQ,2368,11669,,,45310299,Luiz,Gabeira,11402858843,45,,0.34971167849912466,27.97693427992997
90,Clybourn; Southport - North Ave,Ride,,,1601.050048828125,0.0,198.39999389648438,198.39999389648438,https://d3o5xota0a1fcr.cloudfront.net/v6/charts/QAQNLV5HW3D6UDOGE7M7CSXO4L6CKI6VUO3X5Q3BF5Q7YSYVTX4G24OMFCR55WPUMYBH6YHR,3228,23147,,,45310299,Luiz,Gabeira,11509986839,132,,0.9948488503536388,27.132241373281058
91,Halsted: Fullerton to Armitage,Ride,,,642.2000122070312,0.0,195.1999969482422,194.3000030517578,https://d3o5xota0a1fcr.cloudfront.net/v6/charts/HSF2ZLKY3A2TLYSHS3VV6QGMFB2ZEBX57Y4MP75QX6RV6MWH77RCVANWVPSLAYSULRDJMFSL,4651,59383,,,45310299,Luiz,Gabeira,12647685652,50,,0.39904557906162236,28.731281692436813
92,Halsted to Sheffield,Ride,,,357.0,-0.8963590264320374,193.0,189.8000030517578,https://d3o5xota0a1fcr.cloudfront.net/v6/charts/ENSFZSHOUFHSOM6CYWYOTPANL7CCILA3LWWXPBS6IVFEJT3R5BHP5SRRZAFO7HIFO3R3Z4GKRQ======,3066,20778,46.0,12213225845,45310299,Luiz,Gabeira,11986090295,25,,0.22183006698398103,31.943529645693268
93,Westbound Wrightwood,Ride,,,2195.0,-0.0820045992732048,183.0,180.1999969482422,https://d3o5xota0a1fcr.cloudfront.net/v6/charts/GWIQU3KB6VE5Z4TRKNHHB7QW6U5JQICSDDXAFJM2XY2BNZGDH52CKADY265TQMWXLXFGSU6CQM======,490,1444,,,45310299,Luiz,Gabeira,11377493776,206,,1.3639131569463259,23.835375558285307
94,Fullerton Racine to Sheffield,Ride,,,350.8999938964844,-0.28498101234436035,181.1999969482422,176.39999389648438,https://d3o5xota0a1fcr.cloudfront.net/v6/charts/5AYY2DPVAPVF5IQJBWEWEZKJFTWNZZ7E6VEL7N26ODTN5JSSPITNMNDLUUGJSBNIRCCG4WIS,2447,16537,74.0,13393169519,17741426,Lukas,Skučas ,7248070624,24,,0.21803968949785899,32.705953424678846
95,Clybourn Endurance,Ride,,,1581.0999755859375,-0.025298800319433212,182.39999389648438,179.39999389648438,https://d3o5xota0a1fcr.cloudfront.net/v6/charts/CNTMCLQJ2V5AJNKHOSOEC4YDJTZPUI2BGKM4DEBKHZ76QVN2MX3CW7BWLDHBTQNZTATPNSQAVU======,1560,9746,,,45310299,Luiz,Gabeira,12814516489,139,,0.9824524187467767,25.44481084524026
96,Damen: Elston to Webster,Ride,,,439.29998779296875,-0.04552699998021126,181.89999389648438,180.8000030517578,https://d3o5xota0a1fcr.cloudfront.net/v6/charts/ZRRF5JJL4ZLRPBJ4EPJT6JUIHZGN5ABMF3NZT47RD4QVXYASKSJBAPTFVB6O5NHDCGEKNOP6JA======,7938,102825,,,2769769,Michael,Nishi,5754882185,28,,0.2729690356251437,35.0960188660899
97,606  Damen to Kedzie on the death trail,Ride,,,2472.60009765625,0.0,182.8000030517578,181.3000030517578,https://d3o5xota0a1fcr.cloudfront.net/v6/charts/L4NA7GNAQRVPOIJWZGOVL5YSGJOAV7PVI2OKREY3ZCOS6UGMFCAIWND6MKG5N4WUW5JGPNTGD4======,8841,75475,,,23811675,Michael,Queenan,2644114662,197,,1.5364062893212436,28.07646010942374
98,walgreens to walgreens,Ride,,,479.3999938964844,0.041718799620866776,181.5,181.3000030517578,https://d3o5xota0a1fcr.cloudfront.net/v6/charts/7ELOWAGHS3YY52GWJKXMNJVEDYFCKERJ3K35BWU2QA4YQ4OQE5PMVYGH5MS42YFUZY4NQ2IP,7987,127269,56.0,12594695496,92871690,Daniel,Ostberg,13378983157,31,,0.2978860861573592,34.593222908596545
99,Bloomingdale Trail - California to Kedzie,Ride,,,790.4000244140625,0.2530359923839569,248.1999969482422,246.1999969482422,https://d3o5xota0a1fcr.cloudfront.net/v6/charts/XG7OFYYXZF5HDCYP6LVV4FPMPEB535BJCRDJNBVH4SDFY4V2BVCZXFYPVE5HKYG3GA4IMRHGDU======,11250,103980,,,498035,Edmund,White,1036713885,59,,0.4911330262182401,29.96743888789262
100,606 West Terminal to Pulaski,Ride,,,676.7999877929688,0.0,184.39999389648438,184.10000610351562,https://d3o5xota0a1fcr.cloudfront.net/v6/charts/ADNAOX3S52TDJOZVLTZQ7CDOAUVIMJTCARJQRK5XNP2KGX3VTQLPWTOZPUB3IR5IKAF7KIAW,991,5956,,,26774342,Luke,Perkowski,2557035277,65,,0.42054506057947283,23.29172643209388
101,"606 W 2 E, LUV U",Ride,,,3966.10009765625,0.0025213700719177723,184.39999389648438,181.3000030517578,https://d3o5xota0a1fcr.cloudfront.net/v6/charts/5WHULB46DF4IG3YLBA5RL2UUJSTYR4RR27YLWS2QCPME6L63SGLCMOIZP2WWP6RMV5D4YR2D,5479,58107,649.0,12576601861,3609361,Brian,Bauer,779285498,301,,2.46442647150773,29.474868097766873
102,Race to and from the Parks,Ride,,,6517.39990234375,0.2056030035018921,197.0,182.60000610351562,https://d3o5xota0a1fcr.cloudfront.net/v6/charts/VOBQ3YP6IWJFLBRFP7LFVXXXVTUFRZGDPTN7I6TDB22RGTUHECZW2XLLHLCZCQMFYUDAXEZW,292,990,,,298083,keith,ortiz,6097149,741,,4.04973461316052,19.674824031549083
103,Watch the curve,Ride,,,786.2999877929688,0.10174199938774109,188.8000030517578,187.8000030517578,https://d3o5xota0a1fcr.cloudfront.net/v6/charts/GL3S2LWH7WYZFALKNZB2BLNDWLEMJ2N7K7ND2N4RYMH76H6MTDLUJXUPY7AZHDSDIQSIP3TO,1558,6993,,,44049468,Jake,Douglas,9311123260,62,,0.4885853752426267,28.36947340118478
104,Weeknight Busse,Ride,,,40022.8984375,-0.010494000278413296,199.1999969482422,179.8000030517578,https://d3o5xota0a1fcr.cloudfront.net/v6/charts/GS6AOP45SRGXFMKSZB7GEX3XHB7BE4OQBAZOBMU3DMEQPQ27FJRNUTTAVNIMHID2Q2GOHKUF,15,56,,,3175029,Brian,Lewis-Jones,1820022710,5028,,24.86913793076665,17.806065344224333
105,Belmont M 2 K,Ride,,,996.7999877929688,-0.14044900238513947,183.0,181.39999389648438,https://d3o5xota0a1fcr.cloudfront.net/v6/charts/XXF5ICH5PNRZOWVKNSX443LKWIC36CDIKAVX5TS5TZBTUL2MX7GXDDOWTZQ6INOSDL6FQURVNE======,1202,5850,,,1826895,Ryan,Fay,2792347378,86,,0.619384336307411,25.927716403566038
106,Milwaukee Straight South,Ride,,,6182.5,-0.08249089866876602,187.60000610351562,182.1999969482422,https://d3o5xota0a1fcr.cloudfront.net/v6/charts/LKQOXRRZIHFTAZAAIC77YVVNJ55GK3OZKVGUPPEJ3ZWCX5ZJADX5VPSLFAN2REO2Z46J4DE5GU======,1120,6802,,,73059232,Adrian,Gallegos,12460972493,588,,3.8416369443374303,23.520226189821003
107,Diversey Straightaway- Westbound,Ride,,,342.1099853515625,0.22694100439548492,184.21800231933594,183.4409942626953,https://d3o5xota0a1fcr.cloudfront.net/v6/charts/SWHDJGXPUIZFRJXTAB7ZWWNLMAVA2UKCYUKTLWW5RIYAWCPYBJSW3PTPWH62YCPSNW74RJKK,866,7121,,,1204875,Davíd,Villegas,134082050,24,,0.2125778178331257,31.886672674968853
108,barrydam,Ride,,,570.7999877929688,-0.035038501024246216,181.10000610351562,180.8000030517578,https://d3o5xota0a1fcr.cloudfront.net/v6/charts/OZFELFUXWBWLK25ML2TBWG6XY6QIYCM7ZEQCQD3653LE27KRRTX6WZCUXP7NACXSHSNOCPTKBA======,8940,93574,,,140659258,Will (The Thrill),Heinzmann,11930169294,41,,0.3546795504945933,31.142594677574046
109,Ashland: Belmont -> Diversey,Ride,,,763.0999755859375,-0.2096710056066513,184.8000030517578,183.0,https://d3o5xota0a1fcr.cloudfront.net/v6/charts/GPKAQ7DPW6CGP5PMT4XXT2IQO4DB63LXR37B7FADEU6MGSXHEZSONMKQHYR2OX6ILAJXEWEJ,1155,2273,,,10147688,Justin,Everly,382838500,55,,0.47416952016723474,31.036550410946273
110,Addison (Long TT),Ride,,,12728.2998046875,0.09270679950714111,196.5,176.89999389648438,https://d3o5xota0a1fcr.cloudfront.net/v6/charts/UIGOG7VFEYMY45YXO4QUKWG36KBXMHHOUBOH3MBT6BIU6TQP7VDPG6AKVVZAKM6QWM5JZ4UXAY======,18,56,,,117891361,Anthony,LaPorta,12713249808,1468,,7.909018482537873,19.3954131724362
111,Belmont to South,Ride,,,9746.7998046875,0.05232489854097366,209.89999389648438,204.8000030517578,https://d3o5xota0a1fcr.cloudfront.net/v6/charts/UACZO5XGDCQV3TW4PJBBPGYCAYHYQOJWLIRSAEBDLSPNNUEDFWFPAPTVNEBCMS4BNKECRL6BCQ======,203,860,,,9215273,Nathan,Fisk,1996876385,946,,6.056395668216474,23.047594509069036
112,Escape from Wrigleyville,Ride,,,416.1000061035156,-0.04806540161371231,211.39999389648438,210.1999969482422,https://d3o5xota0a1fcr.cloudfront.net/v6/charts/OXB3ONAZWFFPKBCBNJUBXYMTW6ZFZOQPOZ7QOSXKN3P7SHCIVZ2JG7PTAF53RVFNKQ2S6C5N,5521,58749,63.0,12479372169,2557837,Gary,Hurst,9421447694,29,,0.2585531995125428,32.0962592498329
113,Tennis courts N,Ride,,,388.3999938964844,0.1544799953699112,180.5,179.89999389648438,https://d3o5xota0a1fcr.cloudfront.net/v6/charts/B65PYXMK57YBRCPUSTPNHJ5JUPGYAG7POPRLSTC2464LKKIKAFKQMI32MPN2UCHLXT7MZMZ234======,37405,591407,40.0,11981999045,2995446,Kwing,Lee,12223766808,13,,0.24134116712222675,66.83293858769356
114,Irving to Oak,Ride,,,6339.60009765625,-0.0205060001462698,181.3000030517578,175.1999969482422,https://d3o5xota0a1fcr.cloudfront.net/v6/charts/K2SU6XNNUJI3TR6YEV4LTFP6BOK5F3INKPG2TB4KJYQEEVSP37PJGNP5D2AOARDZ5W6PXOSUTM======,23665,338802,653.0,11981999045,42857594,Henny,vdZ,10962066927,474,,3.9392546619460465,29.918389837564913
115,"Montrose, Clark to Damen",Ride,,,1035.4000244140625,-0.09658099710941315,183.8000030517578,182.0,https://d3o5xota0a1fcr.cloudfront.net/v6/charts/EWXMAB63ZMG3JF7RKMUH6A5MGVZZBINFEJXXO2ZLUPF6QS22CIY7QSHHXJ7UYIDTWFL5B35SEA======,3248,23800,,,58372461,Nathaniel,Bohrer,7626257618,91,,0.6433693466974427,25.451974155063667
116,Montrose: Ashland/Western (WB),Ride,,,1579.219970703125,-0.1345829963684082,182.91600036621094,180.7899932861328,https://d3o5xota0a1fcr.cloudfront.net/v6/charts/TUGC5JR3HSMOVNEXXBKOEAWFMT7P2WPFHT5I5DLPVNW66OVFOHO6JBYUQOFIO3HIJ3JONDGS,1783,11016,,,13997276,John,Biernat,3709625000,146,,0.9812842349678285,24.196049629343715
117,Lawrence Uphill Sprint,Ride,,,516.9000244140625,0.7738440036773682,183.0,178.1999969482422,https://d3o5xota0a1fcr.cloudfront.net/v6/charts/GN7V7LJGPUGKCMGQAJMAQXMJIB5ZT2PLSUV63WOGJW6SRAIZ573BYKRK4J57WP4XXRKPRYEG,4672,42055,,,11937809,Bobby,Mette,9752421735,36,,0.321187582744518,32.11875827445179
118,Foster Beach Dash,Ride,,,410.3179931640625,-0.4791550040245056,182.82400512695312,176.83599853515625,https://d3o5xota0a1fcr.cloudfront.net/v6/charts/ZO6IU5NMQ4NYR43BFVHQMM325RJXO7HF5IUNF6ERNRUDSD2YNSDEMJ7HATZECHDJJQUANJ6MBQ======,2849,12845,,,9743901,Peter,Wenzel,637165674,23,,0.25496041430901023,39.906847457062476
119,Circle to Fullerton,Ride,,,7993.60009765625,-0.012509999796748161,175.6999969482422,170.6999969482422,https://d3o5xota0a1fcr.cloudfront.net/v6/charts/VOQTM2VWK7ITJEBJKMX4KRXPUKI2OEPPCUR6U6LM4GWGKA4GN7GNOFWLOWUT34BOQCE65OV5UU======,9154,150486,839.0,11842439878,40753365,John,Whipple,5218660998,634,,4.967005168364826,28.20381483614097
120,Circle jerk,Ride,,,89.9000015258789,2.0022199153900146,163.1999969482422,160.39999389648438,https://d3o5xota0a1fcr.cloudfront.net/v6/charts/OA2JU3QHJ4TCJHO5RB4NSOBXREE25DXIF4CMIGOB2REFPNU37RTNECCVAMLKJTUGEQ2SUYPHYA======,3090,8640,,,96326,Erik,Didriksen,4706527738,3,,0.05586140997295718,67.03369196754862
121,Bryn Mawr - East - LFT to Ashland,Ride,,,1539.8599853515625,0.2949090003967285,182.9149932861328,177.44500732421875,https://d3o5xota0a1fcr.cloudfront.net/v6/charts/633BAINDRDU5MJEU4WUZV2YHZXQTMPZ7CTDFAB37V54VLF2GVTNOW3MYOAPJE4H4ZGE4YALD3M======,584,3639,,,14384122,Rod,Berthold,12149513128,178,,0.9568270131554317,19.3515575694357
122,EddieO's Old Tutoring Gig,Ride,,,12964.900390625,0.0578484982252121,190.5,177.60000610351562,https://d3o5xota0a1fcr.cloudfront.net/v6/charts/DBY3CP4BUN2C5CQDMNKVQQLDUSVHSU33HYKUPLTSBALP6LTBM6P7PHNADDV253QRDSNWPAKJ3Q======,1,1,,,10605492,Eddie,Ocampo,719131444,2230,,8.056035636114805,13.005259322875919
123,"Stop Raising Tuition, Jo Ann",Ride,,,321.0,-0.9345790147781372,184.1999969482422,177.8000030517578,https://d3o5xota0a1fcr.cloudfront.net/v6/charts/NLBCGRBVZA4EWWYJL7ZP4W6SC2I5KHS7YHJKMXF2N5DLZFQPBQZ6B22XSGNGWA34TR3NOUCV,6977,50735,33.0,11732225623,4150606,Aaron,Carpenter,147774219,25,,0.19946064846458797,28.722333378900668
124,Glenwood Sprint 2,Ride,,,799.2999877929688,0.7131239771842957,185.89999389648438,180.0,https://d3o5xota0a1fcr.cloudfront.net/v6/charts/MNWXNKZBDKVIKGAMLOKEYES2OWBUZ4UROI22CQMTK2LYTZ3AKQPOYI7EZ76NRULXN6ZAH4LIXE======,4412,44099,,,86948840,Jesús ,Trejo,12785684450,64,,0.49666322081907416,27.937306171072922
125,Evanston to Bike Path,Ride,,,6924.0,-0.09243209660053253,189.1999969482422,177.89999389648438,https://d3o5xota0a1fcr.cloudfront.net/v6/charts/OCJ2C4P25HGAQCANXQGB2IPVF3WA7QRMUNU3QXYKH5AZPGBAEQMSBO6XED4DV7T23SBZ6YXM,33,473,,,45310299,Luiz,Gabeira,11426430078,747,,4.302384828563262,20.73438471596753
126,Hospital Sprint South,Ride,,,509.0,-1.1002000570297241,209.0,203.39999389648438,https://d3o5xota0a1fcr.cloudfront.net/v6/charts/VZU4FII2GDW2IUHGCUFYIHM4YPYLHYXU6WWI7NESQXWB3EAM7WRP7VFBN2OWJZTHL3ZUOP5H54======,2154,23718,60.0,12420277549,16044197,Phil,Stosur,2610506244,38,,0.3162787229547517,29.96324743781858
127,Trapped in Purgatory ,Ride,,,537.4000244140625,0.20468899607658386,187.10000610351562,185.89999389648438,https://d3o5xota0a1fcr.cloudfront.net/v6/charts/MFMFOYWLEJ4WELOYEHJWI5U43YKLLX2HX6QBSLPT7MVBP4LZV3C4BKXIM75B7ACMDANBECJT,167,417,,,2734538,John,O'Connell,9578987824,44,,0.333925723845839,27.32119558738683
128,Bryn Mawr to Devon Bumpy Sprint,Ride,,,1533.0,0.11741700023412704,193.60000610351562,187.39999389648438,https://d3o5xota0a1fcr.cloudfront.net/v6/charts/VQJMOE5EJL5IY4FSRXTOGLSIHFPKIQF52RR2AN2UAYRPBEJJMYGRIKWGUKHXNUDC3JHORBNI,3992,26964,,,8547506,Ethan,Gross,7717464622,146,,0.9525644052841538,23.487889445362697
129,200 m sprint,Ride,,,207.10000610351562,0.38628700375556946,182.3000030517578,181.5,https://d3o5xota0a1fcr.cloudfront.net/v6/charts/4BESYEEATUMM6DKLBHXEEADKUZJIR5KRSUJX7FNY46GZ7P6R6QMPSCFV5GCTNRCUR3VCW4V3KI======,2609,35178,27.0,12479372169,104910959,Sean,Cunnane,9484842013,8,,0.1286862975527332,57.90883389872994
130,Peterson Hustle West - Lincoln to Pulaski,Ride,,,1709.199951171875,0.13456599414348602,183.0,177.60000610351562,https://d3o5xota0a1fcr.cloudfront.net/v6/charts/C2UD3LNYJECIQLU7HQP3VLS2CCTLVQ4VC3YVFKQJA5EDTBYZVWNF7RFNF7WDTVB5FBCRYJ3Q,251,402,,,107588599,Sergey,Kalinin,7902204817,134,,1.062050251141384,28.53269331424614
131,North shore channel,Ride,,,748.5,-0.1870409995317459,181.1999969482422,178.1999969482422,https://d3o5xota0a1fcr.cloudfront.net/v6/charts/IQHS25XYKQ5IDN4QHR7FBWMK77BIJEDT7BZJVEIFSITEKGMBX77YTZM5MCLRGVZNNDJWIQSO6U======,10132,57371,123.0,12593443615,15727692,Graham,Spicer,1071281714,62,,0.4650974933823804,27.0056609060737
132,Elston - Trail - Lincoln Loop,Ride,,,33754.3984375,0.014220399782061577,204.1999969482422,188.39999389648438,https://d3o5xota0a1fcr.cloudfront.net/v6/charts/TVN7BLL3KG3TCRXSOEQE3YBHIJ4CLYQIX7BMIOGLVWQVNCJ77EREVCOIMFKKOWLJK4KKQ5RG,2,2,,,1374731,Johnathan,Crawford,149211641,4415,,20.974062931077338,17.102293669734635
133,Soon you will be the undead,Ride,,,805.7000122070312,0.07446940243244171,181.3000030517578,179.10000610351562,https://d3o5xota0a1fcr.cloudfront.net/v6/charts/22AGQBBZV4EXJ6CDRUBO2RT3VTKDC2SRTWCAJF7YGEUMCNNYID75XCTSNI7YUWROM3EYCRXX,956,5259,,,61225958,Chris,Murphy,11910550378,60,,0.5006400215038658,30.038401290231945
134,Lincoln to Argyle Channel Trail,Ride,,,2458.60009765625,0.0540350005030632,182.83399963378906,177.947998046875,https://d3o5xota0a1fcr.cloudfront.net/v6/charts/3K42YX42EKLAJ3AFI53HTMMUQSYTLWKI6GTP3DP3N27MSTA4AM7WQCNQAC6NED2CZMPXUVN27Y======,7947,44913,374.0,12593443615,62525931,Steven,Decker,12267267020,227,,1.5277070710081462,24.227953549027866
135,Sprint No. 538,Ride,,,507.70001220703125,-0.078786700963974,179.8000030517578,178.60000610351562,https://d3o5xota0a1fcr.cloudfront.net/v6/charts/BZJ6I4CPVQUKNS5ECXG3T4PNTK6ZBCYWNZNTPUS4RIOYXSNG5442W3N6Z2ZARGX2GIG4MRRV,945,11784,,,61225958,Chris,Murphy,12213754441,37,,0.3154709459822233,30.694470419891996
136,Pratt - K to W,Ride,,,1560.5,0.07049019634723663,182.39999389648438,181.1999969482422,https://d3o5xota0a1fcr.cloudfront.net/v6/charts/6ZAQ2CWVNFKDYQLKG4DAQVR6IS6Z44W2V2WDTALYXGR2RQWUURVNBBLK4OK6JM4HXCLBUWAC,499,5217,,,9015126,Deitrick,Mitchell,3823283625,141,,0.9696521555420234,24.757076311711238
137,Grabbin' That Green Leaf,Ride,,,475.3999938964844,0.042069800198078156,185.8000030517578,185.1999969482422,https://d3o5xota0a1fcr.cloudfront.net/v6/charts/2OXR6RLIPNGYIIY7O2TPS4Y6MNSESATYRGH5XINLHDB44KVK7LF6DRQKEMPK6KWLZURI3OIK,638,9997,,,16044197,Phil,Stosur,3968670585,30,,0.29540059521075995,35.4480714252912
138,7/11 to Beglye: MNR/WNR afters,Ride,,,7724.10009765625,-0.010357200168073177,191.8000030517578,184.39999389648438,https://d3o5xota0a1fcr.cloudfront.net/v6/charts/LZEW6SSNGIECJUEIYNHSGKDLG2IG3A65L3JBZZX7B5RDAPYNAJLRWD4DPPYBXQI7SREZFS44PM======,6,62,,,36982107,Brad,Sherwood,7645492411,873,,4.799545215837704,19.791939034382285
139,T.H.C.  (Touhy Howard California),Ride,,,732.7999877929688,0.081877700984478,184.0,182.89999389648438,https://d3o5xota0a1fcr.cloudfront.net/v6/charts/QYJ2GDKXU5V3PEHQEIXMMD6EHNAHW4XY6IGSPMDW73AJZ3DNPCI7CAUKTQWNQIYAPXS4KDRC,4178,60000,,,256166,stephen,merlo,4268860757,56,,0.455341933831862,29.271981460619703
140,Pratt Koscic,Ride,,,783.5999755859375,0.051046501845121384,185.89999389648438,185.5,https://d3o5xota0a1fcr.cloudfront.net/v6/charts/Q76EOXEPTTW54O2H6MHEQ4WEL7IYPVX5Y7KS2W4RODTFJ5CM6VYB767LIWITQH6XS4QGURFW,533,5190,,,1764867,Alexander,Herskovic,2417490918,52,,0.4869076612685558,33.70899193397693
141,Devon short,Ride,,,470.1000061035156,-0.06381619721651077,188.6999969482422,186.5,https://d3o5xota0a1fcr.cloudfront.net/v6/charts/SR6C3GKM5B54NJPIKVDZZLGNJRYTKYBHVBXBMBGOZHJUFW5H5LMPPSAYFEP4P2GOL4LFS5YP,1053,2889,,,43688099,joe,zitoli,10724651194,24,,0.29210732729163236,43.81609909374485
142,SVT: Howard-Touhy,Ride,,,760.0999755859375,0.05262469872832298,456.79998779296875,455.6000061035156,https://d3o5xota0a1fcr.cloudfront.net/v6/charts/H6AWGXB2N2V435QK2D7RTHKHFHVYOOE7LLY5W6YLWTHT6GO2NCGHDG4DNWXRMGQRSEQ2PUWC,2984,17671,152.0,12294127694,123087042,Alberto,Benitez Junior,12501852425,70,,0.4723054019572853,24.289992100660392
143,Channel Trail South Main to Oakton,Ride,,,746.9000244140625,0.013388699851930141,181.39999389648438,179.39999389648438,https://d3o5xota0a1fcr.cloudfront.net/v6/charts/4VOV4GD5QHL2ERTME5S3VBJ2OFR2MKGHR6LHDW7APIC7RNSUTVIHTLLVPB5SJ4KUOLV5Z4ANDU======,8928,43429,,,16102,William,Edwards,234503256,65,,0.4641033121739735,25.704183443481607
144,Channel Trail South Oakton to Howard,Ride,,,698.9000244140625,0.028616400435566902,182.8000030517578,180.10000610351562,https://d3o5xota0a1fcr.cloudfront.net/v6/charts/64X4A6AHD5ZDYHCRTRFHJVVMKP7T6NFR3VOUAXD46IYMWUUVLFAKTO6C7PA2DTEUV4X37Z7HUM======,10709,50725,88.0,12593443615,60834254,Igor,Stavnitser,12456114577,40,,0.43427742081478277,39.08496787333045
145,Mulford to the Max (EB),Ride,,,735.0999755859375,0.5985580086708069,163.39999389648438,159.0,https://d3o5xota0a1fcr.cloudfront.net/v6/charts/D5MAJHF6352MQJVE4QJ6ABTHE7SX6DA3AEGZEOMXSCKKXEXB632232IACRZ7APKHO7ZIK5A4CI======,176,1134,,,498035,Edmund,White,1019243628,62,,0.4567710835410401,26.522191947544265
146,Asbury Ave Bike Lane - No stopping!,Ride,,,707.2999877929688,0.0,187.39999389648438,186.89999389648438,https://d3o5xota0a1fcr.cloudfront.net/v6/charts/BD4W2N4NBFIPSJPCZUWKHSY53CILWYTLRATISKM3OIKOS7WWUSNAJC25ZCPU7IABRX3FEVF5XQ======,1795,60213,88.0,12095007489,1866361,Sabin,West,3700911865,50,,0.43949692904729193,31.64377889140502
147,Evanston Main to the Lake,Ride,,,1239.0999755859375,-0.629489004611969,148.60000610351562,140.1999969482422,https://d3o5xota0a1fcr.cloudfront.net/v6/charts/37HEM5F55QC5L6LVAZUO7M35K26ELNSUOC6DIZA76C6OAZIOTTLRMWELEGVQAETZ2DJKD5XM4I======,250,676,,,5880835,Beni,Colta,1167269912,121,,0.7699429428125427,22.907393339877306
148,Cemetery - Tower,Ride,,,13157.099609375,0.1520089954137802,199.8000030517578,175.60000610351562,https://d3o5xota0a1fcr.cloudfront.net/v6/charts/3XORYUK25F7AJTSVNZ4YXQJFEJMTSCOOE7GLWZGVGPBL3IC3SGJK2RXDAW5YKPXAJWRDFENUFU======,2961,21287,1725.0,11326381195,57215647,Gar,Lauerman,12584553738,1065,,8.175462990651448,27.635367855723207
149,Rounding Calvary Cemetery,Ride,,,650.4199829101562,-0.03801359981298447,179.0590057373047,176.63499450683594,https://d3o5xota0a1fcr.cloudfront.net/v6/charts/OR3YKLBKVC3JRKAAMI3KZOAPEPETSEPDX2GYNAKSCKJDEVA44EZGHNXP4YXYGNHBRPNOVSL2,11575,106212,51.0,12251582628,8470229,Mitch,Powers,9740047091,42,,0.40415324475260433,34.64170669308037
150,Lake St Mini Climb,Ride,,,741.0,0.6207829713821411,191.0,184.0,https://d3o5xota0a1fcr.cloudfront.net/v6/charts/OIEJTA4TDR2BAQ2PEPOHZGPCHXXC26NRCQQH63RJMX2EQJDJUDLN5YHWAS6M6SGTUKNZHX6Y,527,3649,,,4828052,Michael,Lanyon,568463685,54,,0.4604371978575068,30.695813190500452
151,Greenwood Groove,Ride,,,7516.7998046875,-0.0425712987780571,180.1999969482422,174.0,https://d3o5xota0a1fcr.cloudfront.net/v6/charts/SVPYHAEB3N4AV5Y2RGONAH4IKEWNGLO2A6HX5YYX3HX2UXAFTCCNUBYN4TAPLE6WYBEWEO57,1,1,,,22871852,BG ,double U,3966694953,10844,,4.6707344654874055,1.5505942526516654
152,Church Westbound - Crawford to Skokie Blvd,Ride,,,1508.199951171875,0.45086899399757385,192.0,184.8000030517578,https://d3o5xota0a1fcr.cloudfront.net/v6/charts/TGT4Q7EMGISEJNTKXBSRGLT5LD4GJCCCZOZCEZMNNDP4ILRSL2XPFT4Z7VHMTXD3EBGXFEV77A======,1429,18759,,,1826895,Ryan,Fay,54443440,109,,0.937154331074773,30.95188616393746
153,Creamin' Crawford,Ride,,,1683.4000244140625,0.37424299120903015,191.5,184.89999389648438,https://d3o5xota0a1fcr.cloudfront.net/v6/charts/CMXH66SAYKFWQ5O57K4YVYX2YD63FOSJSARCTFB2VZZLHQJZLOTFKIUCKEHC6NADFJCMOYOS,3266,44988,,,86758286,Travis,Garth,12615887853,119,,1.0460188800465176,31.64426864006272
154,skevanston pereval,Ride,,,722.5,-0.027681700885295868,270.3999938964844,269.0,https://d3o5xota0a1fcr.cloudfront.net/v6/charts/TD4XM7XW3RPHNREF777BHMPKUVIUE2WZPL5QOJV45R7NW246J2X6UPGFMOQR7B2LHW2K67WY,475,4546,,,36639484,Miles,​​Brookfield,6064822542,53,,0.4489418022294854,30.494160151436745
155,North Shore Channel Trail,Ride,,,9986.0703125,-0.018125200644135475,182.89999389648438,177.61000061035156,https://d3o5xota0a1fcr.cloudfront.net/v6/charts/WYKZ7MOZGJVBWGO2YZQVP323RKQLVG7554VW37USO4KKPRMMPXEH36O36ZX3W7X56X6QEYH2,2329,7305,,,43128944,Trent,Weyermuller,3712515289,1025,,6.205071838455516,21.793423042380347
156,The Wiener's Circle,Ride,,,375.0,-0.47999998927116394,203.1999969482422,201.0,https://d3o5xota0a1fcr.cloudfront.net/v6/charts/IQWCW4H355XXFXW3LTVVZQ5AJNQXYZR3HV4QBZR3I4I5SMGOENJI6DDHKVZRP3ETQT3IMKLARA======,27,38,,,10144222,Steven,Naggatz,657461477,13,,0.23301477624367756,64.52716880594149
157,Gross Point Sprint,Ride,,,862.0999755859375,0.0,194.39999389648438,193.39999389648438,https://d3o5xota0a1fcr.cloudfront.net/v6/charts/TQE6H5WQOAHVVT4YUC6TE2PJB3QNJPA7F3QZKTZV442G4CPLTAW742EVGN75C375DWBRMUZI,824,7499,,,23384952,Scott,Alan,3323803696,53,,0.5356854210955656,36.38617954611389
158,"Memorial Park ""Rollers"" - West",Ride,,,1203.0999755859375,0.03324740007519722,189.0,186.60000610351562,https://d3o5xota0a1fcr.cloudfront.net/v6/charts/YQSAV7DM3W26TW7P4PRZ2MKDWCFIEBC4622RHHFAYEGLXA7GUUF4ADHW3UQQWV52WAYEGDPZ,323,889,,,22833564,Richard,White,5443610051,66,,0.7475735242931497,40.776737688717255
159,NSC - Beginning to First Rest stop,Ride,,,30602.30078125,0.10260699689388275,213.3000030517578,179.3000030517578,https://d3o5xota0a1fcr.cloudfront.net/v6/charts/24WQJTPKVDUZADFF3FZ7KRCDTZGDJFXYXIP72PWXCXASJWQ4NQ4KKODKBIYGIBSM34UABXRU,519,586,,,2982281,Jesse,Dishner,1846447645,3453,,19.01543538422583,19.82495435366724
160,Don't Get Dropped B4 Goons!,Ride,,,700.0999755859375,0.08570200204849243,183.60000610351562,182.60000610351562,https://d3o5xota0a1fcr.cloudfront.net/v6/charts/I6OWBIBRGM7YHZ3EOEXR5URQ7FL2EY2YYJLGAXCVERLIZ7PX5WV2X7IM5RXYI446HGTXWUJ4HU======,4179,49622,,,16429094,Morkis,Dorkis,3772991990,45,,0.4350230377582969,34.80184302066375
161,Northfield North,Ride,,,727.7999877929688,0.13740000128746033,190.60000610351562,187.8000030517578,https://d3o5xota0a1fcr.cloudfront.net/v6/charts/F6L2R3VUW5YSFIS7CGXWCHUQ5AS2W7763SBWC6PFC7FRZVOEBWYPYGTDUQGPZV5FIVOEH3DK,2473,15055,,,636561,B,O,3645011855,50,,0.45223507014861297,32.560925050700135
162,PUTTING ON THE RITZ,Ride,,,393.79998779296875,0.0,190.60000610351562,190.60000610351562,https://d3o5xota0a1fcr.cloudfront.net/v6/charts/JMH5MPQUOTMTK3SWMKSVTW4ZZWTBWED7BGVJGKANAKPL4GXX7XXA7V5OK44ELHM7LPVOLL3GIU======,4784,49195,,,12693731,Dave ,Heckelsmiller,9824623768,22,,0.2446965761075775,40.04125790851268
163,Willow to Willow (south),Ride,,,490.1000061035156,-0.7549480199813843,194.5,190.8000030517578,https://d3o5xota0a1fcr.cloudfront.net/v6/charts/L55FB4BJS662WYWPNPXWAS4CR3TYHVXA6BWDIL7KIKVJZ3K24GMYOEEM4HUEBLWRDGTWSZRZNE======,1567,18890,,,60702390,Josh,Keating,5116210952,34,,0.3045347820246285,32.24485927319596
164,Tower Rd. - Bahai House,Ride,,,6998.10009765625,-0.18576499819755554,201.0,177.39999389648438,https://d3o5xota0a1fcr.cloudfront.net/v6/charts/2A3HT62UZVN7ROKU42AUOIJGUYVQYX46H4X2R5GCQ4OH3KY3FNUC6WYLBUOP2FN25CWZHAFZHY======,8785,196129,802.0,12916254327,4828052,Michael,Lanyon,2658708796,530,,4.348428609029944,29.536496212278866
165,Green Bay Rd Tower to Asbury,Ride,,,8172.10009765625,-0.2643139958381653,167.0,145.39999389648438,https://d3o5xota0a1fcr.cloudfront.net/v6/charts/X75FJLQJZIWDWBNEGWYRZVOFTVQA4BNWVVEC2GAFF76NXHWCU4VGGUMBZHVKJ4GAJWSNMZY6,1234,9231,,,1866361,Sabin,West,134098659,706,,5.077920201856817,25.893077516550342
